image_id,label
img_00001.jpeg,N
img_00002.jpeg,J
img_00003.jpeg,Ö
img_00004.jpeg,T
img_00005.jpeg,J
img_00006.jpg,D
img_00007.jpeg,R
img_00008.jpeg,T
img_00009.jpeg,M
img_00010.jpeg,S
img_00011.jpeg,L
img_00012.jpg,A
img_00013.jpg,D
img_00014.jpeg,B
img_00015.jpeg,Ü
img_00016.jpeg,V
img_00017.jpeg,Ö
img_00018.jpeg,Õ
img_00019.jpeg,Ö
img_00020.jpeg,V
img_00021.jpeg,Ü
img_00022.jpg,G
img_00023.jpeg,B
img_00024.jpeg,Ö
img_00025.jpeg,Y
img_00026.jpeg,E
img_00027.jpeg,F
img_00028.jpeg,K
img_00029.jpg,Ä
img_00030.jpeg,J
img_00031.jpeg,L
img_00032.jpeg,U
img_00033.jpeg,Õ
img_00034.jpeg,K
img_00035.jpeg,S
img_00036.jpeg,T
img_00037.jpeg,K
img_00038.jpeg,L
img_00039.jpeg,Ö
img_00040.jpeg,H
img_00041.jpeg,L
img_00042.jpeg,N
img_00043.jpg,F
img_00044.jpeg,W
img_00045.jpg,Ä
img_00046.jpeg,O
img_00047.jpeg,W
img_00048.jpeg,Ä
img_00049.jpeg,A
img_00050.jpeg,V
img_00051.jpeg,U
img_00052.jpeg,Ö
img_00053.jpeg,K
img_00054.jpg,H
img_00055.jpg,B
img_00056.jpg,E
img_00057.jpeg,O
img_00058.jpg,L
img_00059.jpeg,S
img_00060.jpeg,I
img_00061.jpeg,Ö
img_00062.jpg,H
img_00063.jpeg,K
img_00064.jpg,C
img_00065.jpg,B
img_00066.jpg,C
img_00067.jpeg,P
img_00068.jpeg,R
img_00069.jpeg,K
img_00070.jpeg,K
img_00071.jpeg,Y
img_00072.jpeg,O
img_00073.jpeg,M
img_00074.jpg,G
img_00075.jpeg,L
img_00076.jpeg,T
img_00077.jpg,E
img_00078.jpg,E
img_00079.jpeg,N
img_00080.jpeg,O
img_00081.jpeg,B
img_00082.jpeg,W
img_00083.jpeg,H
img_00084.jpeg,K
img_00085.jpeg,Ü
img_00086.jpeg,Y
img_00087.jpeg,F
img_00088.jpg,D
img_00089.jpeg,M
img_00090.jpg,E
img_00091.jpeg,P
img_00092.jpeg,I
img_00093.jpeg,Ö
img_00094.jpeg,M
img_00095.jpeg,H
img_00096.jpeg,W
img_00097.jpeg,S
img_00098.jpeg,L
img_00099.jpeg,M
img_00100.jpeg,M
img_00101.jpeg,A
img_00102.jpeg,Ä
img_00103.jpeg,Ü
img_00104.jpeg,M
img_00105.jpg,Ä
img_00106.jpeg,K
img_00107.jpeg,N
img_00108.jpeg,O
img_00109.jpeg,H
img_00110.jpeg,N
img_00111.jpeg,Ä
img_00112.jpeg,Y
img_00113.jpeg,N
img_00114.jpeg,L
img_00115.jpeg,B
img_00116.jpeg,R
img_00117.jpeg,J
img_00118.jpeg,P
img_00119.jpg,A
img_00120.jpg,G
img_00121.jpeg,V
img_00122.jpg,Ä
img_00123.jpg,F
img_00124.jpeg,J
img_00125.jpg,D
img_00126.jpg,B
img_00127.jpeg,Ü
img_00128.jpeg,Ä
img_00129.jpg,A
img_00130.jpg,C
img_00131.jpeg,A
img_00132.jpeg,O
img_00133.jpg,E
img_00134.jpeg,N
img_00135.jpeg,Õ
img_00136.jpeg,Ö
img_00137.jpeg,Ö
img_00138.jpeg,J
img_00139.jpeg,K
img_00140.jpeg,M
img_00141.jpeg,P
img_00142.jpeg,O
img_00143.jpeg,R
img_00144.jpeg,R
img_00145.jpeg,D
img_00146.jpeg,Ö
img_00147.jpeg,D
img_00148.jpeg,R
img_00149.jpeg,H
img_00150.jpeg,Ü
img_00151.jpeg,A
img_00152.jpeg,I
img_00153.jpeg,Y
img_00154.jpeg,J
img_00155.jpeg,O
img_00156.jpeg,U
img_00157.jpeg,Õ
img_00158.jpeg,H
img_00159.jpeg,T
img_00160.jpeg,N
img_00161.jpeg,P
img_00162.jpg,B
img_00163.jpeg,H
img_00164.jpeg,Ä
img_00165.jpeg,P
img_00166.jpeg,I
img_00167.jpeg,H
img_00168.jpeg,C
img_00169.jpeg,T
img_00170.jpeg,U
img_00171.jpeg,T
img_00172.jpeg,M
img_00173.jpeg,P
img_00174.jpg,B
img_00175.jpeg,Ö
img_00176.jpeg,D
img_00177.jpg,D
img_00178.jpeg,Õ
img_00179.jpeg,T
img_00180.jpeg,W
img_00181.jpeg,V
img_00182.jpg,H
img_00183.jpg,F
img_00184.jpg,A
img_00185.jpeg,N
img_00186.jpg,C
img_00187.jpeg,Y
img_00188.jpg,G
img_00189.jpeg,O
img_00190.jpg,D
img_00191.jpeg,W
img_00192.jpg,D
img_00193.jpg,F
img_00194.jpg,Ä
img_00195.jpeg,I
img_00196.jpeg,N
img_00197.jpeg,A
img_00198.jpeg,Y
img_00199.jpeg,A
img_00200.jpeg,W
img_00201.jpeg,J
img_00202.jpeg,F
img_00203.jpg,Ä
img_00204.jpeg,O
img_00205.jpeg,T
img_00206.jpg,H
img_00207.jpg,G
img_00208.jpeg,C
img_00209.jpg,B
img_00210.jpeg,F
img_00211.jpeg,W
img_00212.jpg,A
img_00213.jpeg,W
img_00214.jpg,G
img_00215.jpeg,P
img_00216.jpg,D
img_00217.jpeg,U
img_00218.jpeg,J
img_00219.jpeg,Ü
img_00220.jpeg,K
img_00221.jpeg,Y
img_00222.jpeg,S
img_00223.jpeg,U
img_00224.jpeg,Ü
img_00225.jpeg,R
img_00226.jpeg,F
img_00227.jpeg,N
img_00228.jpeg,S
img_00229.jpeg,M
img_00230.jpeg,H
img_00231.jpeg,A
img_00232.jpeg,I
img_00233.jpeg,V
img_00234.jpeg,S
img_00235.jpg,G
img_00236.jpeg,K
img_00237.jpeg,R
img_00238.jpeg,Y
img_00239.jpeg,M
img_00240.jpeg,R
img_00241.jpeg,I
img_00242.jpeg,Õ
img_00243.jpg,F
img_00244.jpeg,N
img_00245.jpeg,C
img_00246.jpeg,O
img_00247.jpeg,Y
img_00248.jpeg,K
img_00249.jpeg,J
img_00250.jpeg,G
img_00251.jpg,Ä
img_00252.jpeg,V
img_00253.jpg,H
img_00254.jpeg,W
img_00255.jpeg,O
img_00256.jpeg,E
img_00257.jpeg,B
img_00258.jpeg,S
img_00259.jpeg,H
img_00260.jpeg,Y
img_00261.jpeg,Õ
img_00262.jpeg,V
img_00263.jpeg,P
img_00264.jpeg,V
img_00265.jpeg,Y
img_00266.jpeg,S
img_00267.jpg,B
img_00268.jpg,D
img_00269.jpg,B
img_00270.jpeg,L
img_00271.jpeg,N
img_00272.jpeg,A
img_00273.jpeg,Õ
img_00274.jpeg,U
img_00275.jpeg,U
img_00276.jpeg,S
img_00277.jpeg,J
img_00278.jpeg,N
img_00279.jpeg,L
img_00280.jpeg,J
img_00281.jpeg,V
img_00282.jpg,Ä
img_00283.jpeg,Ö
img_00284.jpeg,R
img_00285.jpeg,V
img_00286.jpeg,R
img_00287.jpeg,U
img_00288.jpeg,B
img_00289.jpeg,M
img_00290.jpeg,F
img_00291.jpeg,K
img_00292.jpeg,L
img_00293.jpeg,N
img_00294.jpg,F
img_00295.jpg,E
img_00296.jpeg,R
img_00297.jpeg,M
img_00298.jpeg,Ü
img_00299.jpeg,L
img_00300.jpg,B
img_00301.jpeg,M
img_00302.jpg,D
img_00303.jpeg,I
img_00304.jpeg,C
img_00305.jpeg,M
img_00306.jpeg,S
img_00307.jpeg,J
img_00308.jpeg,J
img_00309.jpeg,I
img_00310.jpeg,G
img_00311.jpg,Ä
img_00312.jpeg,U
img_00313.jpeg,I
img_00314.jpeg,Ä
img_00315.jpeg,O
img_00316.jpeg,N
img_00317.jpeg,Ä
img_00318.jpg,F
img_00319.jpeg,S
img_00320.jpeg,N
img_00321.jpeg,Ü
img_00322.jpeg,K
img_00323.jpeg,O
img_00324.jpeg,W
img_00325.jpeg,Ü
img_00326.jpeg,Y
img_00327.jpeg,W
img_00328.jpeg,R
img_00329.jpeg,T
img_00330.jpeg,N
img_00331.jpeg,Õ
img_00332.jpg,G
img_00333.jpeg,R
img_00334.jpeg,Y
img_00335.jpeg,D
img_00336.jpeg,Õ
img_00337.jpeg,Õ
img_00338.jpg,B
img_00339.jpeg,K
img_00340.jpeg,Ü
img_00341.jpeg,O
img_00342.jpeg,Ä
img_00343.jpeg,Y
img_00344.jpeg,V
img_00345.jpeg,O
img_00346.jpeg,K
img_00347.jpeg,K
img_00348.jpeg,J
img_00349.jpeg,I
img_00350.jpg,Ä
img_00351.jpeg,I
img_00352.jpeg,Y
img_00353.jpeg,R
img_00354.jpeg,G
img_00355.jpeg,V
img_00356.jpeg,G
img_00357.jpeg,Y
img_00358.jpeg,G
img_00359.jpeg,T
img_00360.jpeg,T
img_00361.jpeg,A
img_00362.jpeg,L
img_00363.jpeg,V
img_00364.jpeg,Y
img_00365.jpg,G
img_00366.jpeg,O
img_00367.jpeg,F
img_00368.jpeg,Ö
img_00369.jpeg,U
img_00370.jpeg,J
img_00371.jpeg,G
img_00372.jpeg,M
img_00373.jpeg,R
img_00374.jpeg,N
img_00375.jpg,F
img_00376.jpeg,B
img_00377.jpeg,P
img_00378.jpeg,Y
img_00379.jpeg,K
img_00380.jpg,C
img_00381.jpeg,S
img_00382.jpeg,J
img_00383.jpeg,M
img_00384.jpeg,F
img_00385.jpeg,Ä
img_00386.jpeg,L
img_00387.jpeg,Õ
img_00388.jpeg,U
img_00389.jpeg,R
img_00390.jpeg,Y
img_00391.jpeg,R
img_00392.jpeg,Y
img_00393.jpeg,Y
img_00394.jpeg,Ä
img_00395.jpeg,R
img_00396.jpg,F
img_00397.jpeg,I
img_00398.jpg,F
img_00399.jpeg,G
img_00400.jpeg,V
img_00401.jpeg,R
img_00402.jpeg,K
img_00403.jpeg,I
img_00404.jpeg,B
img_00405.jpg,E
img_00406.jpeg,Ö
img_00407.jpeg,P
img_00408.jpeg,U
img_00409.jpeg,K
img_00410.jpeg,P
img_00411.jpeg,O
img_00412.jpeg,C
img_00413.jpeg,Õ
img_00414.jpeg,S
img_00415.jpeg,N
img_00416.jpeg,G
img_00417.jpeg,Ü
img_00418.jpeg,Ö
img_00419.jpeg,C
img_00420.jpeg,Õ
img_00421.jpeg,J
img_00422.jpeg,G
img_00423.jpeg,Ü
img_00424.jpeg,E
img_00425.jpeg,U
img_00426.jpeg,J
img_00427.jpeg,Õ
img_00428.jpeg,B
img_00429.jpg,Ä
img_00430.jpeg,L
img_00431.jpeg,D
img_00432.jpg,A
img_00433.jpeg,W
img_00434.jpeg,G
img_00435.jpeg,L
img_00436.jpeg,P
img_00437.jpg,B
img_00438.jpeg,K
img_00439.jpeg,Õ
img_00440.jpg,H
img_00441.jpeg,B
img_00442.jpeg,U
img_00443.jpeg,O
img_00444.jpeg,R
img_00445.jpg,B
img_00446.jpeg,L
img_00447.jpg,E
img_00448.jpg,A
img_00449.jpeg,W
img_00450.jpeg,D
img_00451.jpg,A
img_00452.jpg,D
img_00453.jpg,D
img_00454.jpeg,O
img_00455.jpeg,T
img_00456.jpeg,E
img_00457.jpg,A
img_00458.jpeg,C
img_00459.jpeg,Y
img_00460.jpeg,Õ
img_00461.jpeg,M
img_00462.jpeg,Ö
img_00463.jpeg,Ö
img_00464.jpeg,Ö
img_00465.jpeg,O
img_00466.jpeg,W
img_00467.jpeg,R
img_00468.jpeg,M
img_00469.jpeg,J
img_00470.jpeg,U
img_00471.jpeg,Õ
img_00472.jpg,A
img_00473.jpg,F
img_00474.jpeg,E
img_00475.jpeg,I
img_00476.jpeg,P
img_00477.jpeg,S
img_00478.jpg,D
img_00479.jpeg,O
img_00480.jpeg,T
img_00481.jpeg,B
img_00482.jpeg,I
img_00483.jpeg,V
img_00484.jpeg,P
img_00485.jpg,H
img_00486.jpeg,U
img_00487.jpeg,C
img_00488.jpeg,O
img_00489.jpeg,H
img_00490.jpeg,V
img_00491.jpg,D
img_00492.jpeg,Ö
img_00493.jpeg,G
img_00494.jpeg,L
img_00495.jpeg,Y
img_00496.jpeg,Ö
img_00497.jpeg,Õ
img_00498.jpeg,P
img_00499.jpeg,Ü
img_00500.jpeg,S
img_00501.jpeg,E
img_00502.jpeg,Õ
img_00503.jpeg,U
img_00504.jpeg,Ö
img_00505.jpeg,I
img_00506.jpg,S
img_00507.jpeg,A
img_00508.jpeg,C
img_00509.jpeg,O
img_00510.jpeg,R
img_00511.jpeg,D
img_00512.jpeg,I
img_00513.jpg,G
img_00514.jpeg,M
img_00515.jpeg,H
img_00516.jpeg,T
img_00517.jpeg,L
img_00518.jpeg,B
img_00519.jpeg,N
img_00520.jpg,C
img_00521.jpeg,Ü
img_00522.jpeg,V
img_00523.jpeg,D
img_00524.jpeg,R
img_00525.jpg,B
img_00526.jpeg,L
img_00527.jpeg,H
img_00528.jpeg,Y
img_00529.jpeg,G
img_00530.jpeg,G
img_00531.jpeg,V
img_00532.jpeg,Ä
img_00533.jpeg,A
img_00534.jpeg,T
img_00535.jpg,E
img_00536.jpeg,N
img_00537.jpeg,Õ
img_00538.jpeg,G
img_00539.jpg,H
img_00540.jpeg,P
img_00541.jpeg,J
img_00542.jpeg,J
img_00543.jpeg,Ü
img_00544.jpeg,F
img_00545.jpeg,L
img_00546.jpeg,V
img_00547.jpeg,S
img_00548.jpeg,B
img_00549.jpeg,L
img_00550.jpg,A
img_00551.jpeg,P
img_00552.jpeg,O
img_00553.jpeg,P
img_00554.jpeg,S
img_00555.jpeg,J
img_00556.jpeg,E
img_00557.jpeg,L
img_00558.jpeg,J
img_00559.jpeg,Ö
img_00560.jpg,F
img_00561.jpeg,S
img_00562.jpeg,G
img_00563.jpg,D
img_00564.jpeg,K
img_00565.jpeg,Ö
img_00566.jpeg,E
img_00567.jpeg,Ö
img_00568.jpeg,R
img_00569.jpeg,T
img_00570.jpeg,Õ
img_00571.jpg,D
img_00572.jpeg,T
img_00573.jpeg,Ö
img_00574.jpeg,F
img_00575.jpg,Ö
img_00576.jpeg,L
img_00577.jpeg,M
img_00578.jpeg,Ü
img_00579.jpeg,N
img_00580.jpeg,J
img_00581.jpg,G
img_00582.jpeg,M
img_00583.jpeg,D
img_00584.jpeg,P
img_00585.jpeg,M
img_00586.jpeg,I
img_00587.jpeg,V
img_00588.jpeg,S
img_00589.jpeg,T
img_00590.jpeg,N
img_00591.jpeg,L
img_00592.jpg,C
img_00593.jpeg,L
img_00594.jpeg,L
img_00595.jpeg,A
img_00596.jpeg,G
img_00597.jpg,E
img_00598.jpeg,Y
img_00599.jpg,E
img_00600.jpeg,W
img_00601.jpeg,Ä
img_00602.jpeg,T
img_00603.jpeg,S
img_00604.jpeg,Ü
img_00605.jpeg,M
img_00606.jpeg,N
img_00607.jpeg,Ü
img_00608.jpeg,Ü
img_00609.jpeg,U
img_00610.jpg,C
img_00611.jpeg,L
img_00612.jpeg,U
img_00613.jpeg,I
img_00614.jpeg,A
img_00615.jpeg,Y
img_00616.jpeg,K
img_00617.jpeg,S
img_00618.jpeg,K
img_00619.jpeg,Ü
img_00620.jpg,C
img_00621.jpeg,V
img_00622.jpeg,Ö
img_00623.jpeg,I
img_00624.jpeg,I
img_00625.jpeg,K
img_00626.jpeg,W
img_00627.jpeg,Ö
img_00628.jpeg,J
img_00629.jpeg,K
img_00630.jpg,H
img_00631.jpeg,G
img_00632.jpg,F
img_00633.jpeg,H
img_00634.jpeg,S
img_00635.jpeg,G
img_00636.jpeg,Õ
img_00637.jpeg,B
img_00638.jpeg,F
img_00639.jpeg,L
img_00640.jpeg,J
img_00641.jpeg,O
img_00642.jpeg,M
img_00643.jpeg,Õ
img_00644.jpeg,W
img_00645.jpeg,R
img_00646.jpg,Ä
img_00647.jpeg,R
img_00648.jpeg,D
img_00649.jpeg,T
img_00650.jpeg,W
img_00651.jpg,E
img_00652.jpeg,I
img_00653.jpeg,J
img_00654.jpeg,Ö
img_00655.jpeg,J
img_00656.jpeg,W
img_00657.jpeg,W
img_00658.jpeg,Ü
img_00659.jpeg,W
img_00660.jpeg,M
img_00661.jpeg,U
img_00662.jpeg,O
img_00663.jpeg,H
img_00664.jpeg,B
img_00665.jpeg,H
img_00666.jpeg,Õ
img_00667.jpeg,Ü
img_00668.jpeg,U
img_00669.jpeg,W
img_00670.jpeg,U
img_00671.jpeg,D
img_00672.jpeg,B
img_00673.jpeg,I
img_00674.jpeg,G
img_00675.jpeg,T
img_00676.jpg,H
img_00677.jpeg,I
img_00678.jpeg,I
img_00679.jpg,G
img_00680.jpeg,V
img_00681.jpg,F
img_00682.jpeg,S
img_00683.jpeg,A
img_00684.jpeg,W
img_00685.jpeg,Ö
img_00686.jpg,F
img_00687.jpeg,L
img_00688.jpeg,U
img_00689.jpeg,G
img_00690.jpeg,C
img_00691.jpg,D
img_00692.jpeg,E
img_00693.jpg,G
img_00694.jpeg,U
img_00695.jpg,B
img_00696.jpeg,W
img_00697.jpeg,F
img_00698.jpeg,P
img_00699.jpeg,U
img_00700.jpeg,V
img_00701.jpg,C
img_00702.jpeg,M
img_00703.jpg,F
img_00704.jpeg,D
img_00705.jpeg,W
img_00706.jpeg,H
img_00707.jpeg,R
img_00708.jpeg,Õ
img_00709.jpeg,J
img_00710.jpeg,T
img_00711.jpeg,W
img_00712.jpg,A
img_00713.jpeg,H
img_00714.jpeg,A
img_00715.jpeg,V
img_00716.jpeg,O
img_00717.jpeg,U
img_00718.jpeg,F
img_00719.jpeg,I
img_00720.jpg,C
img_00721.jpeg,W
img_00722.jpeg,P
img_00723.jpeg,I
img_00724.jpeg,V
img_00725.jpeg,W
img_00726.jpeg,V
img_00727.jpeg,C
img_00728.jpeg,R
img_00729.jpeg,M
img_00730.jpeg,J
img_00731.jpeg,W
img_00732.jpeg,O
img_00733.jpeg,T
img_00734.jpeg,U
img_00735.jpg,A
img_00736.jpeg,P
img_00737.jpeg,Õ
img_00738.jpeg,A
img_00739.jpeg,L
img_00740.jpeg,V
img_00741.jpeg,F
img_00742.jpeg,V
img_00743.jpeg,Ö
img_00744.jpeg,D
img_00745.jpeg,Õ
img_00746.jpg,H
img_00747.jpeg,Ä
img_00748.jpeg,J
img_00749.jpeg,U
img_00750.jpeg,Ä
img_00751.jpg,Ä
img_00752.jpeg,T
img_00753.jpeg,N
img_00754.jpg,D
img_00755.jpeg,S
img_00756.jpeg,Y
img_00757.jpg,A
img_00758.jpeg,M
img_00759.jpeg,Ü
img_00760.jpeg,L
img_00761.jpeg,T
img_00762.jpeg,Ü
img_00763.jpg,Ä
img_00764.jpeg,C
img_00765.jpeg,I
img_00766.jpeg,R
img_00767.jpg,H
img_00768.jpeg,W
img_00769.jpeg,K
img_00770.jpeg,U
img_00771.jpeg,Y
img_00772.jpg,G
img_00773.jpeg,Ä
img_00774.jpeg,R
img_00775.jpeg,N
img_00776.jpeg,B
img_00777.jpeg,S
img_00778.jpg,H
img_00779.jpeg,B
img_00780.jpeg,Õ
img_00781.jpg,E
img_00782.jpeg,W
img_00783.jpeg,S
img_00784.jpg,G
img_00785.jpeg,W
img_00786.jpeg,K
img_00787.jpeg,C
img_00788.jpg,G
img_00789.jpeg,Ö
img_00790.jpeg,Ä
img_00791.jpeg,G
img_00792.jpeg,J
img_00793.jpg,B
img_00794.jpeg,N
img_00795.jpeg,Õ
img_00796.jpg,B
img_00797.jpeg,Õ
img_00798.jpg,C
img_00799.jpeg,K
img_00800.jpeg,Ü
img_00801.jpeg,W
img_00802.jpeg,D
img_00803.jpg,E
img_00804.jpeg,G
img_00805.jpeg,Ö
img_00806.jpeg,M
img_00807.jpeg,I
img_00808.jpeg,Y
img_00809.jpeg,Ä
img_00810.jpg,H
img_00811.jpeg,Õ
img_00812.jpeg,K
img_00813.jpeg,C
img_00814.jpeg,C
img_00815.jpeg,J
img_00816.jpeg,R
img_00817.jpeg,E
img_00818.jpeg,F
img_00819.jpeg,Õ
img_00820.jpeg,V
img_00821.jpg,G
img_00822.jpeg,I
img_00823.jpeg,T
img_00824.jpeg,J
img_00825.jpeg,I
img_00826.jpeg,Ä
img_00827.jpeg,Y
img_00828.jpeg,R
img_00829.jpeg,L
img_00830.jpeg,I
img_00831.jpeg,J
img_00832.jpeg,K
img_00833.jpeg,W
img_00834.jpeg,S
img_00835.jpg,C
img_00836.jpeg,G
img_00837.jpeg,O
img_00838.jpeg,L
img_00839.jpg,D
img_00840.jpeg,S
img_00841.jpeg,Ü
img_00842.jpeg,W
img_00843.jpeg,S
img_00844.jpeg,L
img_00845.jpeg,J
img_00846.jpeg,Õ
img_00847.jpeg,Ä
img_00848.jpeg,Õ
img_00849.jpeg,S
img_00850.jpg,B
img_00851.jpg,D
img_00852.jpeg,N
img_00853.jpeg,H
img_00854.jpeg,T
img_00855.jpeg,F
img_00856.jpeg,H
img_00857.jpeg,O
img_00858.jpeg,E
img_00859.jpeg,V
img_00860.jpeg,K
img_00861.jpeg,Õ
img_00862.jpeg,G
img_00863.jpeg,A
img_00864.jpeg,U
img_00865.jpeg,Ö
img_00866.jpeg,C
img_00867.jpeg,N
img_00868.jpeg,I
img_00869.jpg,E
img_00870.jpeg,U
img_00871.jpeg,Ü
img_00872.jpg,D
img_00873.jpeg,N
img_00874.jpeg,N
img_00875.jpeg,D
img_00876.jpeg,Ö
img_00877.jpeg,E
img_00878.jpeg,T
img_00879.jpeg,I
img_00880.jpeg,O
img_00881.jpg,G
img_00882.jpeg,W
img_00883.jpeg,P
img_00884.jpg,Ä
img_00885.jpg,A
img_00886.jpeg,S
img_00887.jpeg,N
img_00888.jpeg,Õ
img_00889.jpeg,H
img_00890.jpeg,V
img_00891.jpeg,D
img_00892.jpeg,N
img_00893.jpeg,Ö
img_00894.jpg,E
img_00895.jpeg,R
img_00896.jpeg,H
img_00897.jpeg,C
img_00898.jpeg,Õ
img_00899.jpeg,V
img_00900.jpg,G
img_00901.jpeg,D
img_00902.jpeg,Ö
img_00903.jpg,C
img_00904.jpeg,V
img_00905.jpeg,T
img_00906.jpeg,S
img_00907.jpeg,P
img_00908.jpeg,I
img_00909.jpg,C
img_00910.jpeg,Y
img_00911.jpg,C
img_00912.jpeg,T
img_00913.jpg,E
img_00914.jpeg,Ü
img_00915.jpeg,Y
img_00916.jpeg,R
img_00917.jpeg,O
img_00918.jpeg,V
img_00919.jpeg,I
img_00920.jpeg,Y
img_00921.jpg,Ä
img_00922.jpeg,S
img_00923.jpeg,Y
img_00924.jpeg,U
img_00925.jpg,Ä
img_00926.jpeg,P
img_00927.jpg,G
img_00928.jpeg,T
img_00929.jpg,E
img_00930.jpg,B
img_00931.jpeg,T
img_00932.jpeg,I
img_00933.jpeg,I
img_00934.jpeg,C
img_00935.jpeg,M
img_00936.jpeg,Ü
img_00937.jpeg,U
img_00938.jpeg,V
img_00939.jpeg,U
img_00940.jpg,A
img_00941.jpeg,V
img_00942.jpeg,O
img_00943.jpeg,Ö
img_00944.jpeg,F
img_00945.jpg,G
img_00946.jpeg,O
img_00947.jpg,Ä
img_00948.jpeg,U
img_00949.jpeg,S
img_00950.jpg,H
img_00951.jpeg,Ü
img_00952.jpeg,T
img_00953.jpeg,W
img_00954.jpeg,W
img_00955.jpeg,E
img_00956.jpeg,S
img_00957.jpeg,K
img_00958.jpeg,T
img_00959.jpeg,C
img_00960.jpeg,Y
img_00961.jpeg,R
img_00962.jpg,A
img_00963.jpeg,A
img_00964.jpeg,N
img_00965.jpeg,O
img_00966.jpeg,M
img_00967.jpeg,K
img_00968.jpeg,L
img_00969.jpeg,Õ
img_00970.jpeg,C
img_00971.jpeg,Y
img_00972.jpeg,I
img_00973.jpeg,F
img_00974.jpeg,Ä
img_00975.jpeg,F
img_00976.jpeg,V
img_00977.jpeg,L
img_00978.jpeg,E
img_00979.jpg,F
img_00980.jpeg,U
img_00981.jpeg,H
img_00982.jpeg,V
img_00983.jpeg,R
img_00984.jpeg,T
img_00985.jpeg,V
img_00986.jpg,F
img_00987.jpeg,Õ
img_00988.jpeg,Ö
img_00989.jpeg,I
img_00990.jpeg,Ü
img_00991.jpeg,D
img_00992.jpeg,Õ
img_00993.jpeg,R
img_00994.jpeg,V
img_00995.jpeg,S
img_00996.jpg,H
img_00997.jpeg,R
img_00998.jpg,E
img_00999.jpeg,E
img_01000.jpg,Ä
img_01001.jpeg,C
img_01002.jpg,E
img_01003.jpeg,W
img_01004.jpg,D
img_01005.jpeg,H
img_01006.jpeg,Y
img_01007.jpeg,P
img_01008.jpg,B
img_01009.jpg,Ä
img_01010.jpeg,Ü
img_01011.jpeg,V
img_01012.jpeg,K
img_01013.jpeg,Ü
img_01014.jpg,F
img_01015.jpeg,E
img_01016.jpeg,D
img_01017.jpg,H
img_01018.jpeg,P
img_01019.jpg,C
img_01020.jpeg,P
img_01021.jpeg,A
img_01022.jpeg,K
img_01023.jpeg,M
img_01024.jpeg,I
img_01025.jpeg,U
img_01026.jpeg,J
img_01027.jpeg,E
img_01028.jpeg,G
img_01029.jpeg,R
img_01030.jpeg,T
img_01031.jpeg,Y
img_01032.jpeg,W
img_01033.jpeg,T
img_01034.jpeg,L
img_01035.jpg,F
img_01036.jpeg,J
img_01037.jpeg,N
img_01038.jpeg,J
img_01039.jpeg,S
img_01040.jpg,E
img_01041.jpg,C
img_01042.jpeg,E
img_01043.jpg,A
img_01044.jpeg,J
img_01045.jpeg,Y
img_01046.jpeg,W
img_01047.jpeg,I
img_01048.jpeg,U
img_01049.jpeg,M
img_01050.jpeg,Ä
img_01051.jpeg,A
img_01052.jpeg,K
img_01053.jpeg,Ö
img_01054.jpeg,W
img_01055.jpeg,V
img_01056.jpeg,T
img_01057.jpg,H
img_01058.jpeg,T
img_01059.jpeg,I
img_01060.jpeg,E
img_01061.jpeg,S
img_01062.jpeg,D
img_01063.jpg,H
img_01064.jpeg,O
img_01065.jpeg,K
img_01066.jpg,H
img_01067.jpeg,S
img_01068.jpeg,K
img_01069.jpeg,U
img_01070.jpeg,E
img_01071.jpeg,F
img_01072.jpeg,U
img_01073.jpeg,P
img_01074.jpeg,S
img_01075.jpeg,P
img_01076.jpg,A
img_01077.jpeg,M
img_01078.jpeg,I
img_01079.jpeg,D
img_01080.jpeg,P
img_01081.jpg,C
img_01082.jpg,C
img_01083.jpeg,O
img_01084.jpeg,J
img_01085.jpeg,P
img_01086.jpeg,P
img_01087.jpeg,R
img_01088.jpeg,K
img_01089.jpeg,N
img_01090.jpeg,R
img_01091.jpg,H
img_01092.jpeg,T
img_01093.jpeg,O
img_01094.jpeg,U
img_01095.jpeg,P
img_01096.jpeg,Y
img_01097.jpeg,S
img_01098.jpeg,P
img_01099.jpg,C
img_01100.jpeg,R
img_01101.jpeg,Õ
img_01102.jpg,A
img_01103.jpg,G
img_01104.jpeg,I
img_01105.jpg,B
img_01106.jpeg,T
img_01107.jpeg,Õ
img_01108.jpeg,P
img_01109.jpg,B
img_01110.jpeg,L
img_01111.jpeg,Ü
img_01112.jpeg,L
img_01113.jpeg,P
img_01114.jpeg,M
img_01115.jpeg,E
img_01116.jpeg,Ü
img_01117.jpeg,W
img_01118.jpeg,T
img_01119.jpeg,M
img_01120.jpeg,R
img_01121.jpeg,N
img_01122.jpeg,L
img_01123.jpeg,R
img_01124.jpeg,E
img_01125.jpeg,S
img_01126.jpeg,C
img_01127.jpeg,Õ
img_01128.jpeg,G
img_01129.jpg,D
img_01130.jpeg,Ö
img_01131.jpeg,V
img_01132.jpeg,J
img_01133.jpeg,Y
img_01134.jpeg,L
img_01135.jpeg,J
img_01136.jpg,H
img_01137.jpeg,S
img_01138.jpeg,R
img_01139.jpeg,N
img_01140.jpeg,O
img_01141.jpeg,O
img_01142.jpeg,B
img_01143.jpg,Ä
img_01144.jpeg,M
img_01145.jpeg,R
img_01146.jpeg,K
img_01147.jpeg,Ö
img_01148.jpeg,Ü
img_01149.jpeg,O
img_01150.jpeg,O
img_01151.jpeg,Ü
img_01152.jpeg,L
img_01153.jpeg,O
img_01154.jpeg,Y
img_01155.jpeg,J
img_01156.jpeg,Ü
img_01157.jpeg,P
img_01158.jpeg,A
img_01159.jpg,F
img_01160.jpeg,W
img_01161.jpeg,M
img_01162.jpeg,K
img_01163.jpg,G
img_01164.jpeg,I
img_01165.jpeg,E
img_01166.jpeg,P
img_01167.jpg,Ä
img_01168.jpg,F
img_01169.jpg,B
img_01170.jpg,D
img_01171.jpg,Ä
img_01172.jpg,A
img_01173.jpg,H
img_01174.jpg,A
img_01175.jpeg,Ö
img_01176.jpeg,B
img_01177.jpeg,H
img_01178.jpeg,Y
img_01179.jpeg,L
img_01180.jpeg,B
img_01181.jpeg,Ü
img_01182.jpeg,W
img_01183.jpeg,P
img_01184.jpg,H
